,City,Lat,Lng,Max Temp,Humidity,Cloudiness,Wind Speed,Country
0,Rikitea,-23.1203,-134.9692,26.6,67,97,2.9,PF
1,Paamiut,61.994,-49.6678,0.94,82,74,3.92,GL
2,Mar del Plata,-38.0023,-57.5575,23.0,60,75,3.09,AR
3,Berlevåg,70.8578,29.0864,-6.0,79,75,4.12,NO
4,Yar-Sale,66.8333,70.8333,-40.76,80,16,2.04,RU
5,Hong Kong,22.2855,114.1577,15.0,69,0,0.45,HK
6,Ferme-Neuve,46.7001,-75.4493,-13.0,61,100,4.63,CA
7,Oranjemund,-28.55,16.4333,16.69,82,0,6.5,NA
8,Sambava,-14.2667,50.1667,24.99,87,100,1.89,MG
9,Maltahöhe,-24.8333,16.9833,26.68,18,1,3.81,NA
10,Opuwo,-18.0607,13.84,21.79,62,96,3.48,NA
11,Bluff,-46.6,168.3333,8.89,80,87,3.58,NZ
12,Imeni Poliny Osipenko,52.4201,136.4853,-21.74,91,100,5.14,RU
13,Belmonte,-15.8631,-38.8828,29.0,74,75,2.06,BR
14,Hilo,19.7297,-155.09,22.0,83,90,3.6,US
15,Vila Velha,-20.3297,-40.2925,27.22,74,0,8.75,BR
16,Ushuaia,-54.8,-68.3,6.0,70,75,5.14,AR
17,Cidreira,-30.1811,-50.2056,26.44,87,100,3.71,BR
18,Oparino,59.8518,48.2783,-7.9,97,100,3.35,RU
19,Tual,-5.6667,132.75,28.41,75,100,6.13,ID
20,Barrow,71.2906,-156.7887,-24.0,77,90,4.12,US
21,Saint-Pierre,-21.3393,55.4781,26.0,65,0,2.06,RE
22,Punta Arenas,-53.15,-70.9167,10.0,50,75,8.75,CL
23,Porbandar,21.6422,69.6093,17.33,35,47,5.24,IN
24,Geraldton,-28.7667,114.6,28.0,21,0,10.29,AU
25,Maniitsoq,65.4167,-52.9,-5.11,75,0,2.23,GL
26,Albany,42.6001,-73.9662,-8.33,43,64,5.36,US
27,Pekan,3.4836,103.3996,23.0,94,20,1.54,MY
28,Ribeira Grande,38.5167,-28.7,16.0,77,20,3.6,PT
29,Thompson,55.7435,-97.8558,-14.0,78,90,2.57,CA
30,Otradnoye,59.7775,30.8181,0.56,92,100,2.74,RU
31,Port Elizabeth,-33.918,25.5701,17.0,82,40,2.57,ZA
32,Richards Bay,-28.783,32.0377,22.53,87,93,0.94,ZA
33,Hobart,-42.8794,147.3294,17.78,88,20,3.09,AU
34,Cavalcante,-13.7975,-47.4583,25.1,75,72,1.01,BR
35,Iqaluit,63.7506,-68.5145,-25.0,70,1,8.23,CA
36,Port Hedland,-20.3167,118.5667,27.0,89,16,2.57,AU
37,Quatre Cocos,-20.2078,57.7625,27.0,83,40,5.14,MU
38,Egvekinot,66.3167,-179.1667,-29.93,84,2,5.15,RU
39,Saint-Philippe,-21.3585,55.7679,26.0,65,0,2.06,RE
40,Arraial do Cabo,-22.9661,-42.0278,26.0,73,0,7.72,BR
41,Burnie,-41.0667,145.9167,15.0,99,96,1.34,AU
42,Avarua,-21.2078,-159.775,29.0,79,20,3.6,CK
43,Esperance,-33.8667,121.9,13.0,94,1,2.57,AU
44,Salalah,17.0151,54.0924,23.0,60,75,2.57,OM
45,Neuquén,-38.9516,-68.0591,23.0,56,0,4.63,AR
46,Maków Mazowiecki,52.8649,21.1005,-0.56,86,97,1.99,PL
47,Semey,50.4111,80.2275,-10.26,92,12,2.84,KZ
48,Cape Town,-33.9258,18.4232,20.56,82,20,4.12,ZA
49,Tuatapere,-46.1333,167.6833,8.89,80,4,3.58,NZ
50,Mataura,-46.1927,168.8643,8.89,80,29,3.58,NZ
51,La Rioja,42.25,-2.5,9.0,93,0,3.04,ES
52,Kaitangata,-46.2817,169.8464,12.78,73,78,1.66,NZ
53,Vaini,-21.2,-175.2,25.0,94,90,4.12,TO
54,Leningradskiy,69.3833,178.4167,-31.03,84,97,4.01,RU
55,Puerto Escondido,15.85,-97.0667,30.0,70,40,2.06,MX
56,Katsuura,35.1333,140.3,3.0,48,0,8.23,JP
57,Broome,42.2506,-75.833,-8.89,62,20,6.69,US
58,Quibor,9.9287,-69.6201,30.0,39,20,3.6,VE
59,Constitución,-35.3333,-72.4167,17.82,83,100,3.45,CL
60,Liberal,37.0431,-100.921,12.0,40,1,4.63,US
61,Mehamn,71.0357,27.8492,-6.0,73,0,1.54,NO
62,Port Alfred,-33.5906,26.891,18.33,88,1,0.45,ZA
63,Cabo San Lucas,22.8909,-109.9124,29.0,64,1,9.77,MX
64,Qaanaaq,77.484,-69.3632,-26.02,60,0,2.05,GL
65,Butaritari,3.0707,172.7902,27.0,75,93,8.33,KI
66,Khatanga,71.9667,102.5,-42.63,73,0,0.92,RU
67,Ancud,-41.8697,-73.8203,17.0,51,0,3.6,CL
68,Portmore,17.9702,-76.8672,31.0,58,75,1.54,JM
69,Busselton,-33.65,115.3333,16.67,85,0,2.24,AU
70,Itacaré,-14.2775,-38.9967,28.0,78,40,2.06,BR
71,Necochea,-38.5473,-58.7368,23.89,50,76,2.14,AR
72,Arrondissement de Bastia,42.6667,9.3333,17.0,31,0,12.86,FR
73,Paidha,2.4167,30.9855,22.06,44,74,1.64,UG
74,Nerchinskiy Zavod,51.3088,119.61,-37.13,82,0,0.88,RU
75,Aylesbury,51.8167,-0.8146,8.33,85,100,0.89,GB
76,Tuktoyaktuk,69.4541,-133.0374,-37.0,74,20,1.54,CA
77,Hermanus,-34.4187,19.2345,19.44,78,87,0.89,ZA
78,Zonguldak,41.25,31.8333,0.34,86,87,2.91,TR
79,Kapaa,22.0752,-159.319,24.0,69,40,8.75,US
80,New Norfolk,-42.7826,147.0587,17.78,89,62,0.88,AU
81,Navalmoral de la Mata,39.8916,-5.5406,7.22,95,35,0.45,ES
82,Inhambane,-23.865,35.3833,26.18,84,20,1.7,MZ
83,St. George's,12.0564,-61.7485,29.0,65,40,8.75,GD
84,Tiksi,71.6872,128.8694,-35.66,84,100,1.91,RU
85,Øksfjord,70.2396,22.3479,-6.0,73,40,10.29,NO
86,Saskylakh,71.9167,114.0833,-39.33,79,59,0.66,RU
87,College,64.8569,-147.8028,-15.56,71,75,2.06,US
88,Pacific Grove,36.6177,-121.9166,13.0,58,40,2.57,US
89,Usinsk,65.9939,57.5281,-25.27,85,100,5.57,RU
90,Souillac,-20.5167,57.5167,27.0,83,40,5.14,MU
91,Bayan,46.0833,127.4,-23.0,91,100,3.2,CN
92,Korla,41.7597,86.1469,-5.05,83,0,1.57,CN
93,Nome,64.5011,-165.4064,-18.0,65,1,1.54,US
94,Provideniya,64.3833,-173.3,-22.44,82,93,3.75,RU
95,Port-de-Bouc,43.4,4.9833,12.0,71,0,3.09,FR
96,Saint Paul Harbor,57.79,-152.4072,2.0,64,75,6.69,US
97,Mendeleyevo,56.0333,37.2167,-1.0,74,40,5.0,RU
98,Pacifica,37.6138,-122.4869,12.22,71,40,2.06,US
99,Warmbad,-28.45,18.7333,26.93,16,0,7.58,NA
100,George Town,5.4112,100.3354,25.0,78,20,1.54,MY
101,Atuona,-9.8,-139.0333,25.93,77,3,8.56,PF
102,Pangody,65.85,74.4859,-41.48,80,27,2.65,RU
103,Senador Guiomard,-10.1522,-67.7392,27.0,89,40,3.6,BR
104,Rawson,-43.3002,-65.1023,15.74,53,30,8.28,AR
105,Taltal,-25.4,-70.4833,21.61,56,22,2.26,CL
106,Lebu,-37.6167,-73.65,14.62,94,98,1.62,CL
107,Bambous Virieux,-20.3428,57.7575,27.0,83,40,5.14,MU
108,East London,-33.0153,27.9116,22.19,64,11,0.52,ZA
109,Jamestown,42.097,-79.2353,-6.11,73,90,6.17,US
110,Rio Grande,-32.035,-52.0986,28.33,83,75,1.54,BR
111,Port Lincoln,-34.7333,135.8667,16.45,73,54,5.49,AU
112,Ishigaki,24.3448,124.1572,16.3,63,96,7.33,JP
113,Pisco,-13.7,-76.2167,27.0,57,0,6.69,PE
114,Wakkanai,45.4094,141.6739,-4.19,97,100,8.85,JP
115,Green River,41.5286,-109.4662,4.0,45,20,10.29,US
116,Yellowknife,62.456,-114.3525,-26.11,76,20,3.6,CA
117,Poço Branco,-5.6228,-35.6628,28.0,74,20,5.66,BR
118,Port Hardy,50.6996,-127.4199,6.0,81,90,5.66,CA
119,Ratnagiri,16.9833,73.3,23.19,53,100,1.81,IN
120,Ntungamo,-0.8833,29.65,20.6,55,100,1.6,UG
121,Hastings,50.8552,0.5729,7.78,74,93,1.34,GB
122,Tasiilaq,65.6145,-37.6368,-9.0,86,90,10.29,GL
123,Khovu-Aksy,51.1333,93.6,-7.58,88,100,4.77,RU
124,Taoudenni,22.6783,-3.9836,22.74,20,0,5.54,ML
125,Batemans Bay,-35.7167,150.1833,20.56,97,100,0.89,AU
126,Bubaque,11.2833,-15.8333,25.94,72,0,6.25,GW
127,Namatanai,-3.6667,152.4333,27.83,81,89,5.16,PG
128,Hithadhoo,-0.6,73.0833,27.43,76,56,4.31,MV
129,Oyem,1.5995,11.5793,21.31,93,98,1.25,GA
130,Saint Anthony,45.0205,-93.218,-3.89,68,90,4.12,US
131,Mabaruma,8.2,-59.7833,26.29,77,91,2.42,GY
132,Chokurdakh,70.6333,147.9167,-31.28,86,100,3.41,RU
133,Bethel,41.3712,-73.414,-7.0,45,1,7.72,US
134,Severo-Kuril'sk,50.6789,156.125,-6.21,91,98,6.33,RU
135,Vardø,70.3705,31.1107,-5.0,93,75,6.69,NO
136,Adrar,20.5022,-10.0711,21.08,21,0,4.12,MR
137,San Patricio,28.017,-97.5169,23.33,49,75,6.69,US
138,Kahului,20.8947,-156.47,26.0,57,40,10.29,US
139,Ixtapa,20.7,-105.2,25.0,73,20,6.69,MX
140,Villazón,-22.0866,-65.5942,15.66,33,76,2.04,BO
141,Juegang,32.3174,121.1855,3.33,73,0,3.79,CN
142,Upernavik,72.7868,-56.1549,-21.84,82,86,5.34,GL
143,Prince Rupert,54.3161,-130.3201,3.0,69,75,4.12,CA
144,Natal,-5.795,-35.2094,28.0,74,20,7.2,BR
145,Washington,47.5001,-120.5015,5.0,78,46,0.58,US
146,Talavera de la Reina,39.9635,-4.8308,10.62,92,0,3.9,ES
147,Bandarbeyla,9.4942,50.8122,23.1,74,30,4.82,SO
148,Faanui,-16.4833,-151.75,27.13,69,52,3.03,PF
149,Saint George,37.1041,-113.5841,7.0,81,20,2.06,US
150,Qaqortoq,60.7167,-46.0333,7.0,29,75,11.83,GL
151,Nanortalik,60.1432,-45.2371,0.44,90,100,3.96,GL
152,Rocky Mountain House,52.3668,-114.9188,-11.0,57,0,1.54,CA
153,Balkhash,46.844,74.9804,-9.39,92,0,4.54,KZ
154,Kruisfontein,-34.0033,24.7314,16.67,82,1,0.45,ZA
155,Batagay,67.6333,134.6333,-42.53,75,100,0.18,RU
156,Sikonge,-5.6333,32.7667,18.77,92,99,0.94,TZ
157,Kaseda-shirakame,31.4167,130.3167,0.0,67,0,1.79,JP
158,Oktyabr'skiy,54.4815,53.471,-3.3,98,100,3.57,RU
159,Trelew,-43.249,-65.3051,16.95,45,68,8.11,AR
160,Arrondissement de Bressuire,46.9167,-0.5,10.0,94,100,5.94,FR
161,Castro,-24.7911,-50.0119,20.58,93,97,3.28,BR
162,Darhan,49.4867,105.9228,-17.67,88,92,0.39,MN
163,Rundu,-17.9333,19.7667,20.49,89,94,2.08,NA
164,Nishihara,26.1842,127.7558,13.0,54,20,3.09,JP
165,Hualmay,-11.0964,-77.6139,24.03,65,6,4.65,PE
166,Manggar,-2.8833,108.2667,25.92,84,100,5.11,ID
167,Laas,46.6166,10.7002,1.67,86,75,1.03,IT
168,Calvinia,-31.4707,19.776,15.26,52,0,1.34,ZA
169,Poum,-20.2333,164.0167,26.41,75,8,6.95,NC
170,Bengkulu,-3.8004,102.2655,24.03,88,100,2.8,ID
171,Emerald,-23.5333,148.1667,23.33,83,0,2.06,AU
172,Puerto Ayora,-0.7393,-90.3518,29.0,70,40,6.69,EC
173,Gabú,12.2833,-14.2167,27.11,15,2,1.66,GW
174,Pembroke,45.8168,-77.1162,-11.11,72,90,4.63,CA
175,Lüderitz,-26.6481,15.1594,22.26,39,0,11.39,NA
176,Mazatán,14.8667,-92.45,31.0,58,20,5.14,MX
177,Paracatu,-17.2222,-46.8747,26.13,62,100,1.07,BR
178,Zacualtipán,20.65,-98.6,14.24,80,73,2.68,MX
179,Parabel',58.6978,81.4825,-32.5,85,20,4.31,RU
180,Tilichiki,60.4667,166.1,-21.82,92,84,4.53,RU
181,Sola,-13.8833,167.55,26.72,87,100,9.42,VU
182,Regeneração,-6.2378,-42.6883,26.32,78,100,1.4,BR
183,Asău,46.4333,26.4,2.78,56,96,2.28,RO
184,Flinders,-34.5833,150.8552,21.67,98,99,1.79,AU
185,Fort-Shevchenko,44.5086,50.263,1.9,85,22,4.92,KZ
186,San Rafael,-34.6177,-68.3301,29.13,22,92,3.14,AR
187,Mogadishu,2.0371,45.3438,24.58,77,10,9.98,SO
188,Mahébourg,-20.4081,57.7,27.0,78,75,5.14,MU
189,Torbay,47.6666,-52.7314,-2.22,93,90,9.26,CA
190,Mattru,7.6244,-11.8332,25.62,82,1,2.26,SL
191,Sørland,67.667,12.6934,-7.0,79,40,1.54,NO
192,Kiryat Gat,31.61,34.7642,13.33,100,20,5.02,IL
193,Zhigansk,66.7697,123.3711,-43.14,76,79,4.39,RU
194,Bonfim,3.0833,-59.95,31.79,47,90,3.49,BR
195,Ilulissat,69.2167,-51.1,-17.0,55,20,4.12,GL
196,Tara,56.8944,74.371,-14.7,94,100,3.62,RU
197,Hopkinsville,36.8656,-87.4886,7.0,36,1,4.12,US
198,Virginia Beach,36.8529,-75.978,1.67,42,0,0.89,US
199,Aykhal,66.0,111.5,-36.91,81,85,3.14,RU
200,Narsaq,60.9167,-46.05,7.0,29,75,11.83,GL
201,Yekepa,7.5753,-8.5419,24.24,62,15,0.75,LR
202,Jiangyou,31.7667,104.7167,6.25,69,69,1.78,CN
203,Karratha,-20.7377,116.8463,27.25,77,40,1.48,AU
204,Tomarovka,50.6834,36.2331,-2.0,93,90,5.0,RU
205,Nemuro,43.3236,145.575,-2.05,98,100,5.97,JP
206,Luanda,-8.8368,13.2343,27.0,78,20,3.09,AO
207,Haines Junction,60.7522,-137.5108,-21.0,77,100,0.85,CA
208,Kavieng,-2.5744,150.7967,28.23,82,94,6.58,PG
209,Nikolskoye,59.7035,30.7861,0.56,93,75,4.0,RU
210,Konče,41.4958,22.385,1.43,87,100,3.19,MK
211,Mogocha,53.7333,119.7667,-36.31,80,24,1.02,RU
212,Phan Thiet,10.9333,108.1,19.83,75,100,3.06,VN
213,Clyde River,70.4692,-68.5914,-25.0,77,90,3.6,CA
214,Ponta do Sol,32.6667,-17.1,14.44,75,68,0.89,PT
215,Fairbanks,64.8378,-147.7164,-15.56,77,1,0.87,US
216,Mincivan,39.0294,46.7185,7.29,76,100,0.8,AZ
217,Mount Isa,-20.7333,139.5,27.0,65,84,1.03,AU
218,Ürümqi,43.801,87.6005,-17.0,85,15,0.16,CN
219,Datong,40.0936,113.2914,-6.52,83,0,2.68,CN
220,Santiago de Cao,-7.9589,-79.2392,23.0,78,20,5.66,PE
221,Balyqshy,47.0667,51.8667,-2.0,86,75,5.0,KZ
222,Hambantota,6.1241,81.1185,24.42,78,100,3.32,LK
223,Arraias,-12.9288,-46.9437,26.87,65,38,0.89,BR
224,Puerto Colombia,10.9878,-74.9547,28.0,65,0,7.2,CO
225,Yeniseysk,58.4497,92.1703,-29.75,87,100,1.85,RU
226,Fairmont,39.4851,-80.1426,-1.11,51,0,1.34,US
227,Luau,-10.7073,22.2247,18.95,96,88,0.26,AO
228,Ostrovnoy,68.0531,39.5131,-13.54,93,100,7.96,RU
229,Vestmannaeyjar,63.4427,-20.2734,2.46,80,96,3.92,IS
230,Sungai Penuh,-2.0833,101.3833,17.9,94,100,1.11,ID
231,Biggar,55.6167,-3.5167,2.22,10,92,1.34,GB
232,Saldanha,-33.0117,17.9442,18.35,89,0,5.67,ZA
233,Poya,-21.35,165.15,26.17,72,15,1.37,NC
234,Solnechnyy,50.7214,136.6319,-21.66,88,100,2.76,RU
235,Crotone,39.0851,17.1178,2.0,93,90,9.26,IT
236,Lagoa,39.05,-27.9833,15.06,76,8,5.03,PT
237,Sakakah,29.9697,40.2064,11.0,50,0,7.2,SA
238,Leshukonskoye,64.8989,45.7622,-11.3,94,100,4.47,RU
239,Port Blair,11.6667,92.75,26.04,81,84,3.49,IN
240,Innisfail,-17.5333,146.0333,24.61,90,80,2.76,AU
241,Malko Tarnovo,41.9833,27.5333,2.0,80,0,4.12,BG
242,Hasaki,35.7333,140.8333,1.0,51,20,4.12,JP
243,Son La,21.3167,103.9,10.9,95,12,1.35,VN
244,Henties Bay,-22.116,14.2845,19.44,83,44,1.21,NA
245,Longyearbyen,78.2186,15.6401,-19.0,55,20,10.29,SJ
246,Black Forest,39.0131,-104.7008,14.0,15,1,10.8,US
247,Tocopilla,-22.092,-70.1979,22.47,46,4,2.1,CL
248,Coruripe,-10.1256,-36.1756,26.17,76,100,4.88,BR
249,Shinpokh,34.3292,71.1782,8.0,66,0,2.06,PK
250,Rumoi,43.9344,141.6428,-5.04,96,100,6.63,JP
251,Yulara,-25.2406,130.9889,26.0,65,100,4.63,AU
252,Suoyarvi,62.0833,32.35,-3.07,98,100,3.25,RU
253,Deputatsky,69.3,139.9,-35.24,86,100,0.99,RU
254,Itoman,26.1247,127.6694,13.0,54,20,3.09,JP
255,Dikson,73.5069,80.5464,-35.07,85,100,2.7,RU
256,Faya,18.3851,42.4509,16.0,29,0,6.17,SA
257,Alcaudete,37.5909,-4.0824,13.33,10,1,1.33,ES
258,Alamosa,37.4695,-105.87,-2.0,54,90,2.06,US
259,Puerto Madryn,-42.7692,-65.0385,17.58,48,6,8.76,AR
260,Ullapool,57.8987,-5.1604,-1.11,94,1,0.45,GB
261,Urambo,-5.0667,32.05,18.96,92,100,0.56,TZ
262,Esim,4.8699,-2.2405,26.05,86,85,2.19,GH
263,Caravelas,-17.7125,-39.2481,26.07,75,0,3.26,BR
264,Fortuna,40.5982,-124.1573,12.22,87,1,1.54,US
265,Samarai,-10.6167,150.6667,27.64,77,93,3.51,PG
266,Sangar,63.9242,127.4739,-45.88,75,100,0.47,RU
267,Margate,51.3813,1.3862,8.89,82,98,0.45,GB
268,Ha Tinh,18.3333,105.9,17.13,88,93,1.41,VN
269,Altar,30.7,-111.8167,20.56,33,0,4.92,MX
270,Ulaangom,49.9811,92.0667,-23.07,89,64,0.41,MN
271,Eyemouth,55.8713,-2.0901,0.56,95,90,4.98,GB
272,Santa Cruz de la Sierra,-17.8,-63.1667,26.85,71,99,7.62,BO
273,Laufen,47.95,12.9333,9.0,57,75,5.66,DE
274,Biltine,14.5333,20.9167,21.17,22,65,6.95,TD
275,Luchegorsk,46.4764,134.2569,-31.3,84,26,1.16,RU
276,Dingle,10.9995,122.6711,23.12,90,100,5.36,PH
277,Kununurra,-15.7667,128.7333,26.0,100,40,3.6,AU
278,Shetpe,44.1667,52.1167,-0.96,96,20,1.98,KZ
279,Bykovo,55.6361,38.0803,0.0,74,75,5.0,RU
280,Tecpan,14.7623,-90.9947,25.56,33,0,13.38,GT
281,Padang,-0.9492,100.3543,24.0,94,75,2.06,ID
282,Voskresenskoye,56.8381,45.4317,-3.57,98,100,3.69,RU
283,Kilindoni,-7.9139,39.6668,28.17,77,76,6.96,TZ
284,Kavaratti,10.5669,72.642,26.84,72,11,4.01,IN
285,Labuhan,-6.8844,112.2051,25.42,86,100,7.22,ID
286,Mossendjo,-2.9506,12.7261,21.32,98,100,2.11,CG
287,Jalu,29.0331,21.5482,12.98,69,0,3.16,LY
288,Bemidji,47.4736,-94.8803,-5.0,73,90,4.63,US
289,Antequera,37.0194,-4.5612,18.0,72,20,7.72,ES
290,Plettenberg Bay,-34.0527,23.3716,17.64,76,0,1.74,ZA
291,La Primavera,5.4906,-70.4092,33.94,33,32,4.85,CO
292,Kahramanmaraş Province,38.0,37.0,2.0,80,0,3.09,TR
293,Pevek,69.7008,170.3133,-33.87,85,5,1.3,RU
294,Talnakh,69.4865,88.3972,-35.52,67,1,0.64,RU
295,Neckarsulm,49.1928,9.2261,8.33,79,100,6.35,DE
296,Clacton-on-Sea,51.7897,1.156,8.89,88,100,2.24,GB
297,Kismayo,-0.3582,42.5454,25.24,83,0,6.7,SO
298,Biak,-0.9131,122.8766,24.36,71,100,1.79,ID
299,Humaitá,-7.5061,-63.0208,27.78,89,100,0.62,BR
300,Paramirim,-13.4425,-42.2389,28.16,38,77,3.54,BR
301,Yangi Marg`ilon,40.4272,71.7189,-1.0,51,57,2.06,UZ
302,Terrace Bay,48.7834,-87.1,-9.0,62,1,2.57,CA
303,Tazovsky,67.4667,78.7,-38.61,79,0,2.86,RU
304,Buala,-8.145,159.5921,27.66,82,100,5.16,SB
305,Te Anau,-45.4167,167.7167,8.77,76,45,0.35,NZ
306,São Filipe,14.8961,-24.4956,24.23,56,77,4.84,CV
307,Townsville,-19.25,146.8,26.0,78,47,3.6,AU
308,Macao,22.2006,113.5461,16.0,72,0,6.17,MO
309,Arman',59.7,150.1667,-27.25,78,20,5.1,RU
310,Sisimiut,66.9395,-53.6735,-12.34,73,0,4.2,GL
311,Isangel,-19.55,169.2667,25.0,88,20,6.77,VU
312,Boca do Acre,-8.7522,-67.3978,27.1,90,100,1.46,BR
313,Muros,42.7762,-9.0603,13.89,89,100,4.02,ES
314,Ahipara,-35.1667,173.1667,19.57,58,0,3.48,NZ
315,Tibiri,13.5627,7.0485,21.29,21,0,4.76,NE
316,Beeville,28.4008,-97.7483,22.0,56,90,4.63,US
317,Great Yarmouth,52.6083,1.7305,6.67,100,90,3.6,GB
318,Beringovskiy,63.05,179.3167,-26.65,86,16,4.17,RU
319,Bredasdorp,-34.5322,20.0403,20.08,74,90,1.76,ZA
320,Mossamedes,-15.1961,12.1522,23.44,75,25,5.23,AO
321,Alugan,12.2188,125.4808,25.31,84,100,10.04,PH
322,Muri,23.3667,85.8667,12.24,55,5,2.61,IN
323,Harwich,51.9419,1.2844,8.89,80,93,2.24,GB
324,West Bay,19.3667,-81.4167,26.11,61,40,7.2,KY
325,Rivadavia,-33.1905,-68.4608,31.0,25,0,3.09,AR
326,Simao,22.7886,100.9748,12.26,96,55,1.12,CN
327,Pemba,-12.974,40.5178,28.0,83,75,3.09,MZ
328,Mucurapo,10.6667,-61.5333,30.0,48,20,4.12,TT
329,Rimbey,52.6334,-114.2353,-11.0,57,0,1.54,CA
330,Vostok,46.4856,135.8833,-27.58,89,100,1.21,RU
331,Kralendijk,12.15,-68.2667,28.0,65,20,6.69,BQ
332,Nuuk,64.1835,-51.7216,-3.0,86,1,4.12,GL
333,Martapura,-3.4167,114.85,23.0,100,75,0.66,ID
334,Kamenka,51.3223,42.7678,0.0,92,88,7.32,RU
335,Dania Beach,26.0523,-80.1439,22.22,53,40,4.63,US
336,Srednekolymsk,67.45,153.6833,-35.01,83,100,1.5,RU
337,Rome,43.2128,-75.4557,-9.0,48,1,7.72,US
338,Corinth,37.9407,22.9573,11.11,64,57,0.45,GR
339,Carnarvon,-24.8667,113.6333,25.0,83,2,2.57,AU
340,Ust'ye,59.6304,39.736,-6.31,97,100,4.6,RU
341,Chazuta,-6.5742,-76.1367,34.0,46,20,6.17,PE
342,Sterling,39.0062,-77.4286,0.0,40,90,8.23,US
343,Władysławowo,54.7909,18.4009,0.0,93,100,0.51,PL
344,Homer,59.6425,-151.5483,-3.33,80,1,3.83,US
345,Rebra,47.3167,24.5,-1.11,83,100,1.22,RO
346,Praia da Vitória,38.7333,-27.0667,15.0,72,20,2.92,PT
347,Balclutha,-46.2339,169.75,12.78,73,73,1.16,NZ
348,Half Moon Bay,37.4636,-122.4286,12.22,82,1,3.09,US
349,Akçakoca,41.0866,31.1162,5.62,61,98,4.32,TR
350,Bagaces,10.5271,-85.2548,31.0,40,0,13.38,CR
351,Manatí,18.4275,-66.4921,27.78,75,9,0.89,PR
352,Albert Lea,43.648,-93.3683,-5.0,86,90,6.69,US
353,Tshikapa,-6.4167,20.8,23.0,85,98,0.98,CD
354,Meulaboh,4.1363,96.1285,23.31,89,100,3.04,ID
355,Cherskiy,68.75,161.3,-35.91,83,48,1.96,RU
356,Trairi,-3.2778,-39.2689,27.15,75,100,5.04,BR
357,Rolla,37.9514,-91.7713,7.78,53,1,5.66,US
358,Parkes,-33.1333,148.1833,21.67,89,100,0.89,AU
359,Oussouye,12.485,-16.5469,25.0,57,0,4.12,SN
360,Comodoro Rivadavia,-45.8667,-67.5,17.0,45,40,4.12,AR
361,Normandin,48.8333,-72.5321,-14.0,66,100,5.14,CA
362,Ibimirim,-8.5406,-37.6903,28.38,49,100,5.03,BR
363,Puro,12.4841,123.3827,24.09,84,100,9.0,PH
364,San Quintín,30.4833,-115.95,15.58,65,65,6.55,MX
365,Svetlaya,46.5389,138.3297,-15.08,89,100,5.96,RU
366,Garissa,-0.4536,39.6401,26.31,68,2,5.83,KE
367,Ayaviri,-14.8864,-70.5889,15.18,35,56,1.6,PE
368,Serro,-18.6047,-43.3794,22.8,85,14,1.82,BR
369,Eenhana,-17.4667,16.3333,25.0,83,98,2.06,NA
370,Fukuechō,32.6881,128.8419,6.3,61,0,4.57,JP
371,Cockburn Town,21.4612,-71.1419,24.0,50,40,7.72,TC
372,Kearney,40.6995,-99.0815,-2.0,86,90,2.57,US
373,‘Ewa Beach,21.3156,-158.0072,26.0,57,1,3.6,US
374,Mahibadhoo,3.7833,72.9667,26.93,78,7,7.2,MV
375,Savannah Bight,16.45,-85.85,25.0,83,75,2.55,HN
376,Pechora,65.1472,57.2244,-22.21,87,100,1.57,RU
377,Lufilufi,-13.8745,-171.5986,25.0,94,90,8.75,WS
378,Pangnirtung,66.1451,-65.7125,-23.0,77,1,1.03,CA
379,Nhulunbuy,-12.2333,136.7667,27.0,83,49,3.6,AU
380,Tautira,-17.7333,-149.15,30.0,66,40,5.66,PF
381,Tiznit Province,29.5833,-9.5,17.49,47,0,0.55,MA
382,Wewak,-3.5534,143.6268,25.84,85,99,2.21,PG
383,Vao,-22.6667,167.4833,24.31,77,98,9.98,NC
384,Zhanakorgan,43.9098,67.2495,-1.98,82,59,1.32,KZ
385,Bonthe,7.5264,-12.505,26.05,83,0,3.19,SL
386,Gordeyevka,52.9569,31.9703,-5.44,97,98,5.86,RU
387,Aromashevo,56.8602,68.6375,-12.05,95,100,2.51,RU
388,Kangaatsiaq,68.3065,-53.4641,-14.45,90,0,2.25,GL
389,Santa Isabel,-23.3156,-46.2214,31.67,37,0,3.09,BR
390,Atar,20.5169,-13.0499,21.97,21,0,4.14,MR
391,Sistranda,63.7256,8.834,1.0,93,90,8.23,NO
392,Ayna,-12.65,-73.9167,18.57,77,100,1.37,PE
393,Havelock,34.8791,-76.9013,4.0,41,1,6.17,US
394,Madimba,-10.4,40.3333,26.68,83,10,4.42,TZ
395,Boddam,57.4667,-1.7833,3.89,93,50,2.57,GB
396,Arroyo de la Encomienda,41.6096,-4.7969,11.67,87,40,7.2,ES
397,Consett,54.854,-1.8316,2.78,94,99,4.35,GB
398,Sechura,-5.5569,-80.8222,28.11,56,1,6.99,PE
399,Carutapera,-1.195,-46.02,27.36,75,100,4.42,BR
400,Kushima,31.4583,131.2333,0.0,86,0,1.79,JP
401,Prainha,-1.8,-53.48,29.75,61,98,2.19,BR
402,Gamba,-2.65,10.0,25.86,88,100,2.61,GA
403,Sotnikovskoye,45.0039,43.7772,2.1,83,77,3.17,RU
404,Verāval,20.9,70.3667,18.37,29,64,5.94,IN
405,Bria,6.5423,21.9863,24.46,32,63,1.55,CF
406,Robe,-37.1833,139.75,16.18,81,100,5.06,AU
407,Bilma,18.6853,12.9164,17.67,26,16,2.84,NE
408,Zaoyang,32.1272,112.7542,5.64,61,19,1.81,CN
409,Northam,51.0333,-4.2167,7.78,94,100,3.13,GB
410,Ust'-Ilimsk,58.0006,102.6619,-33.48,81,92,2.01,RU
411,Kokstad,-30.5472,29.4241,15.42,93,49,1.3,ZA
412,Hamilton,39.1834,-84.5333,1.11,51,90,1.54,US
413,Fairhope,30.523,-87.9033,14.44,46,1,1.54,US
414,La Palma,33.8464,-118.0467,11.67,100,75,3.6,US
415,Emba,48.8264,58.1442,-4.61,94,100,4.75,KZ
416,Benoy,8.9833,16.3199,25.54,18,0,1.96,TD
417,Garoowe,8.4054,48.4845,18.57,84,0,5.76,SO
418,Omīdīyeh,30.7597,49.705,18.0,77,94,4.12,IR
419,Kumul,42.8,93.45,-6.93,85,0,1.01,CN
420,Husavik,66.0449,-17.3389,-2.0,80,90,2.57,IS
421,Fomboni,-12.28,43.7425,28.84,72,54,4.92,KM
422,Burley,42.5357,-113.7928,8.0,49,90,3.09,US
423,Makkah al Mukarramah,21.4267,39.8261,20.14,56,0,4.28,SA
424,Quelimane,-17.8786,36.8883,28.0,89,75,3.09,MZ
425,Cayenne,4.9333,-52.3333,26.0,100,75,1.03,GF
426,Akdepe,42.0551,59.3788,6.0,65,100,4.12,TM
427,Along,28.1667,94.7667,9.74,59,16,0.77,IN
428,Mazagão,-0.115,-51.2894,29.0,74,75,3.6,BR
429,Nyurba,63.2842,118.3319,-45.47,76,81,0.99,RU
430,Urussanga,-28.5178,-49.3208,26.94,84,97,0.74,BR
431,Sosnogorsk,63.6023,53.8817,-14.88,93,100,4.82,RU
432,Bestöbe,52.4994,73.0975,-9.29,92,13,4.16,KZ
433,Esmeraldas,-19.7625,-44.3139,31.0,51,0,6.17,BR
434,Takāb,36.4009,47.1133,0.49,94,100,2.05,IR
435,Bruneck,46.7958,11.9364,0.0,95,40,0.14,IT
436,Chicama,-7.8447,-79.1469,23.0,78,20,5.66,PE
437,Shingū,33.7333,135.9833,1.53,82,0,3.34,JP
438,Alofi,-19.0595,-169.9187,25.0,94,90,6.69,NU
439,Mahenge,-8.6833,36.7167,18.38,100,100,0.74,TZ
440,Bartow,27.8964,-81.8431,20.0,39,1,2.57,US
441,Mae Ramat,16.984,98.5166,20.14,82,70,0.15,TH
442,Lewiston,44.1003,-70.2148,-7.22,53,1,7.2,US
443,Chui,-33.6971,-53.4616,25.08,68,2,3.4,UY
444,Krasnokamensk,50.0979,118.0369,-33.17,81,0,0.7,RU
445,Tateyama,34.9833,139.8667,3.0,48,0,8.23,JP
446,Huntsville,34.7304,-86.5861,10.56,32,1,2.06,US
447,Köping,59.514,15.9926,-8.0,79,100,2.57,SE
448,Luís Correia,-2.8792,-41.6669,29.0,79,75,6.17,BR
449,Ruska Poliana,49.417,31.9201,-3.26,95,1,4.08,UA
450,Newport,51.5877,-2.9984,8.33,93,100,1.44,GB
451,Vigrestad,58.5667,5.7,-3.0,68,75,4.12,NO
452,Tevaitoa,-16.7833,-151.5,27.22,68,67,2.99,PF
453,Airai,-8.9266,125.4092,16.47,100,100,1.96,TL
454,Kungurtug,50.5994,97.5228,-10.03,89,100,2.01,RU
455,Touros,-5.1989,-35.4608,27.0,74,20,5.66,BR
456,Snezhnogorsk,69.1933,33.2531,-13.0,78,40,2.0,RU
457,Pangai,-19.8,-174.35,27.0,83,75,4.12,TO
458,Baghdad,33.3406,44.4009,10.0,81,0,2.06,IQ
459,Hirado,33.3597,129.5531,1.67,51,0,5.36,JP
460,São Félix do Xingu,-6.6447,-51.995,27.88,76,37,1.23,BR
461,Vila Franca do Campo,37.7167,-25.4333,15.0,88,20,3.09,PT
462,Port Macquarie,-31.4333,152.9167,21.67,99,87,2.45,AU
463,Tierra Nueva,21.6833,-100.5667,20.21,34,46,0.63,MX
464,Shizilu,35.1711,118.8289,0.07,94,25,2.39,CN
465,Vaitape,-16.5167,-151.75,27.17,69,53,2.99,PF
466,Whitehorse,60.7161,-135.0538,-18.0,71,75,6.69,CA
467,Santa Ana,33.7456,-117.8678,13.33,76,75,2.57,US
468,Pierre,44.3683,-100.351,-2.0,86,90,5.66,US
469,Hohhot,40.8106,111.6522,-15.0,72,0,3.0,CN
470,Popondetta,-8.7537,148.2534,24.4,93,100,1.24,PG
471,Guerrero Negro,27.9769,-114.0611,19.11,55,0,6.02,MX
472,Wanning,18.8003,110.3967,19.01,81,99,2.5,CN
473,Borogontsy,62.6683,131.1683,-43.59,76,100,0.53,RU
474,Florø,61.5996,5.0328,-1.0,93,75,4.12,NO
475,Chongwe,-15.3292,28.682,18.92,93,100,0.52,ZM
476,Kroya,-7.6331,109.2461,24.04,89,100,1.45,ID
477,Lodwar,3.1191,35.5973,28.3,39,0,3.39,KE
478,Chifeng,42.2683,118.9636,-14.83,85,6,1.7,CN
479,Mount Gambier,-37.8333,140.7667,15.0,94,90,5.66,AU
480,Maryborough,-25.5333,152.7,25.0,83,38,1.79,AU
481,Kuril'sk,45.2333,147.8833,-2.72,96,100,9.83,RU
482,Formosa,-26.1775,-58.1781,33.0,58,40,2.06,AR
483,Dunedin,-45.8742,170.5036,12.78,66,57,3.58,NZ
484,Carballo,43.213,-8.691,13.33,100,75,1.54,ES
485,Norman Wells,65.282,-126.8329,-35.0,75,20,1.54,CA
486,Kamaishi,39.2667,141.8833,-2.76,88,35,13.31,JP
487,Aklavik,68.2191,-135.0107,-35.0,75,20,1.54,CA
488,Celestún,20.8667,-90.4,23.49,66,1,7.83,MX
489,San Andrés,12.5847,-81.7006,29.0,65,40,5.14,CO
490,Mugur-Aksy,50.35,90.5,-16.21,84,36,3.32,RU
491,Sawākin,19.1059,37.3321,22.77,70,99,8.83,SD
492,Khani,41.9563,42.9566,6.0,100,90,1.03,GE
493,Gurupá,-1.405,-51.64,26.12,91,99,1.58,BR
494,Elbistan,38.2059,37.1983,-8.89,91,4,0.61,TR
495,Costeşti,44.6667,24.8833,1.31,90,100,0.87,RO
496,Awjilah,29.1081,21.2869,13.58,67,0,3.8,LY
497,Saint-Augustin,51.226,-58.6502,-8.24,91,0,5.6,CA
498,Kloulklubed,7.0419,134.2556,26.0,100,75,3.09,PW
499,Nikol'sk,53.7189,46.0712,-6.14,97,36,4.69,RU
500,Pitangui,-19.6828,-44.8903,25.36,64,99,1.09,BR
501,Qiongshan,20.0058,110.3542,15.0,100,0,1.0,CN
502,Bilibino,68.0546,166.4372,-31.85,79,17,2.21,RU
503,Vredendal,-31.6683,18.5012,16.88,86,0,4.52,ZA
504,Bontang,0.1333,117.5,25.04,84,97,3.82,ID
505,Anadyr,64.75,177.4833,-28.89,76,0,4.0,RU
506,Zverinogolovskoye,54.4586,64.8542,-11.04,94,63,3.73,RU
507,Gutiérrez,4.2547,-74.0025,19.0,59,20,6.17,CO
508,Ngunguru,-35.6167,174.5,16.11,95,96,0.89,NZ
509,Lorengau,-2.0226,147.2712,28.14,78,98,4.34,PG
510,Walvis Bay,-22.9575,14.5053,19.44,77,78,3.6,NA
511,Porto-Novo,6.4965,2.6036,29.0,84,40,5.66,BJ
512,Villacarrillo,38.1156,-3.0848,13.33,10,0,1.14,ES
513,Loa Janan,-0.583,117.095,22.14,98,87,0.51,ID
514,Forio,40.7342,13.8646,15.0,83,0,3.58,IT
515,Vanimo,-2.6741,141.3028,25.69,82,100,4.1,PG
516,Russell,32.3502,-85.1999,15.0,23,1,0.83,US
517,Boa Vista,2.8197,-60.6733,32.0,45,75,2.57,BR
518,Morant Bay,17.8815,-76.4093,31.0,58,75,1.54,JM
519,Ouadda,8.0777,22.4007,23.96,20,78,2.8,CF
520,Cabedelo,-6.9811,-34.8339,28.0,74,75,5.14,BR
521,Kaduqli,11.0167,29.7167,24.07,17,0,6.84,SD
522,Katima Mulilo,-17.5,24.2667,21.11,93,100,2.16,NA
523,Sitka,57.0531,-135.33,3.0,52,90,6.17,US
524,Tierra Blanca,14.5833,-88.5833,26.0,47,40,5.14,HN
525,Dalby,-27.1833,151.2667,18.0,94,40,5.81,AU
526,Scarborough,54.2797,-0.4044,3.33,88,95,2.24,GB
527,Bar Harbor,44.3876,-68.2039,-4.44,79,90,3.6,US
528,Otane,-39.8833,176.6333,16.11,66,30,0.45,NZ
529,Praia,14.9215,-23.5087,23.0,60,0,7.72,CV
530,Sioux Lookout,50.1001,-91.917,-10.0,67,75,2.57,CA
531,Belaya Gora,68.5333,146.4167,-33.54,85,100,1.5,RU
532,Tabasalu,59.4303,24.5331,-3.0,93,90,4.63,EE
533,Mongoumba,3.6415,18.5936,24.3,70,96,0.51,CF
534,Tazmalt,36.3868,4.3989,15.14,47,0,1.3,DZ
535,Maceió,-9.6658,-35.7353,25.0,88,75,2.06,BR
536,Bonavista,48.6499,-53.1147,-2.78,93,100,2.57,CA
537,Eruwa,7.5333,3.4167,27.2,72,65,2.68,NG
538,Chimbote,-9.0853,-78.5783,24.04,65,26,5.67,PE
539,Andenes,69.3143,16.1194,-5.0,74,75,6.69,NO
540,Bathurst,-33.4166,149.5806,18.33,97,65,2.02,AU
541,Tūkrah,32.5341,20.5791,15.4,84,36,6.82,LY
542,Uruaçu,-14.5247,-49.1408,25.52,84,100,0.54,BR
543,Lokosovo,61.1333,74.8167,-37.6,81,43,2.04,RU
544,Olafsvik,64.8945,-23.7142,0.84,93,100,0.75,IS
545,Acarí,-15.4311,-74.6158,27.52,48,0,4.54,PE
546,Grand Gaube,-20.0064,57.6608,25.56,82,0,0.89,MU
547,Stromness,58.965,-3.296,1.0,86,20,3.6,GB
